epoch,accuracy  ,loss
0    ,0.19237013,3.5297019696908007
